,words
0,aargh
1,aback
2,abba
3,abbey
4,abbot
5,abide
6,able
7,abode
8,abort
9,about
10,above
11,abs
12,abuse
13,abut
14,ace
15,aced
16,aces
17,ache
18,ached
19,aches
20,acid
21,acids
22,acing
23,acme
24,acne
25,acorn
26,acre
27,acres
28,act
29,acted
30,actin
31,actor
32,acts
33,acute
34,adage
35,adapt
36,add
37,added
38,adds
39,adept
40,admit
41,ado
42,adobe
43,adopt
44,adore
45,ads
46,adult
47,afar
48,afoot
49,aft
50,after
51,aga
52,again
53,age
54,aged
55,agent
56,ages
57,agile
58,agin
59,aging
60,ago
61,agony
62,agree
63,aha
64,ahead
65,ahem
66,ahold
67,ahoy
68,aid
69,aide
70,aided
71,aides
72,aids
73,ail
74,ails
75,aim
76,aimed
77,aims
78,ain
79,air
80,airs
81,aisle
82,ajar
83,ala
84,alamo
85,alan
86,alarm
87,alas
88,album
89,ale
90,alec
91,alert
92,ales
93,algae
94,alias
95,alibi
96,alien
97,alike
98,alive
99,all
100,allee
101,alley
102,allow
103,ally
104,alma
105,aloe
106,aloft
107,aloha
108,alone
109,along
110,aloud
111,alpha
112,als
113,also
114,alt
115,altar
116,alter
117,alto
118,ama
119,amah
120,amaze
121,amber
122,amen
123,amend
124,ami
125,amigo
126,amin
127,amino
128,amiss
129,ammo
130,among
131,amp
132,ample
133,amply
134,amuse
135,ana
136,anal
137,and
138,ane
139,anew
140,angel
141,anger
142,angle
143,angry
144,angst
145,ani
146,anise
147,ankle
148,anna
149,annex
150,annoy
151,annul
152,anon
153,ant
154,ante
155,anti
156,ants
157,antsy
158,anvil
159,any
160,apart
161,ape
162,apes
163,apex
164,apple
165,apply
166,apron
167,aptly
168,aqua
169,arbor
170,arc
171,arch
172,are
173,area
174,areas
175,arena
176,arf
177,argon
178,argue
179,aria
180,arid
181,ariel
182,arise
183,ark
184,arm
185,armed
186,armor
187,arms
188,army
189,aroma
190,arose
191,array
192,arrow
193,arse
194,arson
195,art
196,arts
197,artsy
198,arty
199,ascot
200,ash
201,ashes
202,aside
203,ask
204,asked
205,askew
206,asks
207,aspen
208,ass
209,asses
210,asset
211,ate
212,atlas
213,atom
214,atop
215,att
216,attic
217,audio
218,audit
219,auger
220,aught
221,auk
222,auld
223,aunt
224,aunts
225,aura
226,auras
227,auto
228,ava
229,ave
230,avid
231,avoid
232,await
233,awake
234,award
235,aware
236,away
237,awe
238,awed
239,awful
240,awoke
241,awol
242,awry
243,axe
244,axel
245,axis
246,axle
247,aye
248,baa
249,baba
250,babe
251,babes
252,babu
253,baby
254,bach
255,back
256,backs
257,bacon
258,bad
259,badge
260,badly
261,bag
262,bagel
263,baggy
264,bags
265,bah
266,bail
267,bails
268,bait
269,bake
270,baked
271,baker
272,bakes
273,bald
274,bale
275,balk
276,ball
277,balls
278,balm
279,bam
280,ban
281,banal
282,band
283,bands
284,bane
285,bang
286,bangs
287,banjo
288,bank
289,banks
290,bar
291,barb
292,barbs
293,bard
294,bare
295,bared
296,barf
297,barge
298,bark
299,barks
300,barn
301,baron
302,barre
303,bars
304,base
305,based
306,bases
307,bash
308,basic
309,basil
310,basin
311,basis
312,bask
313,bass
314,baste
315,bat
316,batch
317,bates
318,bath
319,bathe
320,baths
321,baton
322,bats
323,batty
324,bawdy
325,bawl
326,bay
327,bayou
328,bays
329,beach
330,beads
331,beak
332,beam
333,beams
334,bean
335,beans
336,bear
337,beard
338,bears
339,beast
340,beat
341,beats
342,beau
343,beck
344,becks
345,bed
346,beds
347,bee
348,beech
349,beef
350,beefs
351,beefy
352,been
353,beep
354,beeps
355,beer
356,beers
357,beery
358,bees
359,beets
360,beg
361,began
362,begat
363,begin
364,begs
365,begun
366,beige
367,being
368,bel
369,belie
370,bell
371,belle
372,bells
373,belly
374,below
375,belt
376,belts
377,ben
378,bench
379,bend
380,bends
381,bendy
382,bene
383,benes
384,benny
385,bent
386,beret
387,berg
388,berry
389,best
390,bet
391,beta
392,beth
393,bets
394,bey
395,bialy
396,bias
397,bib
398,bible
399,bid
400,bide
401,bids
402,biff
403,big
404,bigot
405,bijou
406,bike
407,biker
408,bikes
409,bilge
410,bill
411,bills
412,billy
413,bimbo
414,bin
415,bind
416,binds
417,binge
418,bingo
419,bins
420,bio
421,bios
422,birch
423,bird
424,birds
425,birth
426,bison
427,bit
428,bitch
429,bite
430,bites
431,bits
432,bitsy
433,bitty
434,biz
435,blab
436,black
437,blade
438,blah
439,blam
440,blame
441,bland
442,blank
443,blast
444,blaze
445,bleak
446,bled
447,bleed
448,bleep
449,blend
450,bless
451,blew
452,blimp
453,blind
454,blink
455,blip
456,blips
457,bliss
458,blitz
459,blob
460,bloc
461,block
462,bloke
463,blond
464,blood
465,bloom
466,blot
467,blow
468,blown
469,blows
470,blue
471,bluer
472,blues
473,bluff
474,blume
475,blunt
476,blur
477,blurb
478,blurt
479,blush
480,boa
481,boar
482,board
483,boast
484,boat
485,boats
486,bob
487,bobby
488,bod
489,body
490,bogs
491,bogus
492,boil
493,boils
494,bold
495,bolt
496,bolts
497,bomb
498,bombs
499,bond
500,bonds
501,bone
502,boned
503,boner
504,bones
505,bong
506,bongo
507,bonus
508,bony
509,boo
510,boob
511,boobs
512,booby
513,book
514,books
515,boom
516,boon
517,boost
518,boot
519,booth
520,boots
521,booty
522,booze
523,bop
524,bora
525,bore
526,bored
527,born
528,bosom
529,boss
530,bossy
531,bot
532,both
533,bound
534,bout
535,bouts
536,bow
537,bowed
538,bowel
539,bowl
540,bowls
541,bows
542,box
543,boxed
544,boxer
545,boxes
546,boy
547,boys
548,bozo
549,bozos
550,bra
551,brace
552,brad
553,brag
554,brags
555,braid
556,brain
557,brake
558,bran
559,brand
560,bras
561,brash
562,brass
563,brat
564,brats
565,brava
566,brave
567,bravo
568,brawl
569,brays
570,bread
571,break
572,bred
573,bree
574,breed
575,bren
576,brent
577,brew
578,brews
579,briar
580,bribe
581,brick
582,bride
583,brie
584,brief
585,brig
586,brill
587,brim
588,brin
589,bring
590,brink
591,bris
592,brit
593,britt
594,bro
595,broad
596,brock
597,broke
598,brood
599,brook
600,broom
601,bros
602,broth
603,brow
604,brown
605,brr
606,brunt
607,brush
608,brute
609,buck
610,bucko
611,bucks
612,bud
613,buddy
614,budge
615,buds
616,buff
617,buffs
618,buffy
619,bug
620,buggy
621,bugle
622,bugs
623,build
624,built
625,bulb
626,bulbs
627,bulge
628,bulk
629,bulky
630,bull
631,bulls
632,bully
633,bum
634,bump
635,bumps
636,bumpy
637,bums
638,bun
639,bunch
640,bunk
641,bunks
642,bunny
643,buns
644,bunt
645,bura
646,burbs
647,burke
648,burly
649,burn
650,burns
651,burnt
652,burp
653,burro
654,burst
655,bury
656,bus
657,buses
658,bush
659,bust
660,busts
661,busty
662,busy
663,but
664,butch
665,buts
666,butt
667,butts
668,buy
669,buyer
670,buys
671,buzz
672,bwana
673,bye
674,byes
675,cab
676,cabin
677,cable
678,cabs
679,cache
680,cad
681,caddy
682,cadet
683,cafe
684,caff
685,cage
686,caged
687,cages
688,cagey
689,cain
690,cake
691,cakes
692,calf
693,call
694,calls
695,calm
696,calms
697,cam
698,came
699,camel
700,camp
701,camps
702,cams
703,can
704,canal
705,candy
706,cane
707,canoe
708,cans
709,cant
710,cap
711,cape
712,caper
713,capo
714,caps
715,car
716,carat
717,carb
718,carbo
719,carbs
720,card
721,cards
722,care
723,cared
724,cares
725,cargo
726,carl
727,carol
728,carp
729,carr
730,carry
731,cars
732,cart
733,carts
734,carve
735,casa
736,case
737,cased
738,cases
739,cash
740,cast
741,caste
742,casts
743,cat
744,catch
745,cater
746,cates
747,cats
748,catty
749,cause
750,cave
751,caved
752,caves
753,cease
754,cedar
755,cee
756,cell
757,cello
758,cells
759,cent
760,cents
761,chad
762,chaff
763,chain
764,chair
765,chalk
766,champ
767,chang
768,chant
769,chaos
770,chap
771,chaps
772,charm
773,chart
774,chase
775,chasm
776,chat
777,cheap
778,cheat
779,check
780,cheek
781,cheep
782,cheer
783,chef
784,chefs
785,chemo
786,chess
787,chest
788,chevy
789,chew
790,chewy
791,chez
792,chi
793,chic
794,chick
795,chico
796,chief
797,child
798,chile
799,chili
800,chill
801,chime
802,chimp
803,chin
804,china
805,chink
806,chino
807,chins
808,chip
809,chips
810,chirp
811,chit
812,choir
813,choke
814,chomp
815,chop
816,chops
817,chord
818,chore
819,chose
820,chow
821,chuck
822,chug
823,chum
824,chump
825,chums
826,chunk
827,churn
828,chute
829,ciao
830,cider
831,cigar
832,cissy
833,cite
834,cited
835,city
836,civic
837,civil
838,clack
839,clad
840,claim
841,clam
842,clamp
843,clams
844,clan
845,clang
846,clap
847,clash
848,clasp
849,class
850,claw
851,claws
852,clay
853,clean
854,clear
855,clef
856,clerk
857,click
858,cliff
859,climb
860,cling
861,clink
862,clip
863,clips
864,cloak
865,clock
866,clod
867,clods
868,clogs
869,clone
870,clop
871,close
872,clot
873,cloth
874,clots
875,cloud
876,clout
877,clown
878,club
879,clubs
880,cluck
881,clue
882,clues
883,clump
884,clung
885,clunk
886,coach
887,coal
888,coals
889,coast
890,coat
891,coats
892,coax
893,cob
894,cobb
895,cobra
896,coca
897,cock
898,cocky
899,coco
900,cocoa
901,cod
902,code
903,coded
904,codes
905,coed
906,coeds
907,cog
908,coil
909,coin
910,coins
911,coke
912,cokes
913,col
914,cola
915,cold
916,colds
917,cole
918,coles
919,colic
920,colin
921,colon
922,color
923,coma
924,comas
925,comb
926,combo
927,come
928,comer
929,comes
930,comet
931,comfy
932,comic
933,comma
934,comp
935,con
936,condo
937,cone
938,cones
939,coney
940,conk
941,conn
942,cons
943,coo
944,cook
945,cooks
946,cool
947,cools
948,coon
949,coop
950,coot
951,cop
952,cope
953,cops
954,copy
955,cor
956,coral
957,cord
958,cords
959,core
960,cork
961,corks
962,corky
963,corn
964,corny
965,corps
966,cory
967,cos
968,cost
969,costa
970,costs
971,cosy
972,cot
973,cots
974,couch
975,cough
976,could
977,count
978,coup
979,coupe
980,court
981,cove
982,coven
983,cover
984,covet
985,cow
986,cowed
987,cower
988,cows
989,cox
990,coy
991,coz
992,cozy
993,crab
994,crabs
995,crack
996,craft
997,cram
998,cramp
999,crane
1000,crank
1001,crap
1002,craps
1003,crash
1004,crass
1005,crate
1006,crave
1007,crawl
1008,craze
1009,crazy
1010,creak
1011,cream
1012,credo
1013,creed
1014,creek
1015,creep
1016,creme
1017,crepe
1018,crept
1019,crest
1020,crew
1021,crews
1022,crib
1023,cribs
1024,crick
1025,cried
1026,crier
1027,cries
1028,crime
1029,crimp
1030,cris
1031,crisp
1032,croak
1033,croc
1034,crock
1035,croft
1036,crook
1037,croon
1038,crop
1039,crops
1040,cross
1041,crow
1042,crowd
1043,crown
1044,crows
1045,crud
1046,crude
1047,cruel
1048,crumb
1049,crush
1050,crust
1051,crux
1052,cry
1053,crypt
1054,cub
1055,cubby
1056,cube
1057,cubed
1058,cubes
1059,cubic
1060,cubs
1061,cud
1062,cuddy
1063,cue
1064,cued
1065,cuff
1066,cuffs
1067,culpa
1068,cult
1069,cum
1070,cumin
1071,cunt
1072,cunts
1073,cup
1074,cupid
1075,cuppa
1076,cups
1077,cur
1078,curb
1079,curd
1080,cure
1081,cured
1082,cures
1083,curie
1084,curl
1085,curly
1086,curry
1087,curse
1088,curt
1089,curve
1090,cushy
1091,cusp
1092,cuss
1093,cut
1094,cute
1095,cuter
1096,cutie
1097,cuts
1098,cycle
1099,cynic
1100,cyst
1101,dab
1102,dad
1103,daddy
1104,dads
1105,daffy
1106,daft
1107,dag
1108,dago
1109,dah
1110,dahl
1111,daily
1112,dairy
1113,dais
1114,daisy
1115,dale
1116,dally
1117,dam
1118,dame
1119,damn
1120,damp
1121,dance
1122,dandy
1123,dang
1124,dare
1125,dared
1126,dares
1127,dark
1128,darks
1129,darn
1130,dart
1131,darts
1132,dash
1133,data
1134,date
1135,dated
1136,dater
1137,dates
1138,dato
1139,davy
1140,dawn
1141,day
1142,days
1143,daze
1144,dead
1145,deaf
1146,deal
1147,deals
1148,dealt
1149,dean
1150,dear
1151,dears
1152,death
1153,deb
1154,debit
1155,debt
1156,debts
1157,debut
1158,decaf
1159,decay
1160,deck
1161,decks
1162,deco
1163,decor
1164,decoy
1165,dee
1166,deed
1167,deeds
1168,deem
1169,deep
1170,deer
1171,deets
1172,deft
1173,defy
1174,deity
1175,deke
1176,del
1177,delay
1178,deli
1179,dell
1180,delly
1181,delta
1182,delve
1183,demo
1184,demon
1185,demur
1186,den
1187,dense
1188,dent
1189,dents
1190,deny
1191,depot
1192,depth
1193,derby
1194,desk
1195,desks
1196,deuce
1197,devil
1198,devon
1199,dew
1200,dewy
1201,dex
1202,dey
1203,dial
1204,dials
1205,diary
1206,dibs
1207,dice
1208,diced
1209,dicey
1210,dick
1211,dicks
1212,dicky
1213,did
1214,die
1215,died
1216,dies
1217,diet
1218,diets
1219,dig
1220,digit
1221,digs
1222,dike
1223,dildo
1224,dill
1225,dills
1226,dilly
1227,dim
1228,dime
1229,dimes
1230,dimly
1231,dine
1232,dined
1233,diner
1234,ding
1235,dingo
1236,dings
1237,dingy
1238,dink
1239,dinks
1240,dinky
1241,dip
1242,dips
1243,dire
1244,dirk
1245,dirt
1246,dirty
1247,dis
1248,disc
1249,disco
1250,discs
1251,dish
1252,disk
1253,disks
1254,dit
1255,ditch
1256,ditsy
1257,ditto
1258,ditty
1259,ditz
1260,diva
1261,divas
1262,dive
1263,diver
1264,dives
1265,divvy
1266,dizzy
1267,doc
1268,dock
1269,docks
1270,docs
1271,dodge
1272,dodgy
1273,doe
1274,doer
1275,does
1276,dog
1277,doggy
1278,dogs
1279,doily
1280,doing
1281,dojo
1282,dol
1283,dolce
1284,dole
1285,doll
1286,dolls
1287,dolly
1288,dolt
1289,dom
1290,dome
1291,domes
1292,don
1293,done
1294,dong
1295,dongs
1296,donna
1297,donor
1298,donut
1299,doom
1300,door
1301,doors
1302,doozy
1303,dope
1304,dopes
1305,dopey
1306,dork
1307,dorky
1308,dorm
1309,dorms
1310,dory
1311,dos
1312,dose
1313,dosed
1314,doses
1315,dost
1316,dot
1317,dote
1318,dotes
1319,doth
1320,dots
1321,dotty
1322,doubt
1323,dough
1324,dour
1325,dove
1326,doves
1327,dowdy
1328,down
1329,downs
1330,downy
1331,doze
1332,dozed
1333,dozen
1334,dozer
1335,drab
1336,draft
1337,drag
1338,drags
1339,drain
1340,drake
1341,drama
1342,drank
1343,drape
1344,draw
1345,drawn
1346,draws
1347,dread
1348,dream
1349,dreck
1350,dregs
1351,dress
1352,drew
1353,dried
1354,drier
1355,dries
1356,drift
1357,drill
1358,drink
1359,drip
1360,drips
1361,drive
1362,droll
1363,drone
1364,drool
1365,droop
1366,drop
1367,drops
1368,drove
1369,drown
1370,drug
1371,drugs
1372,drum
1373,drums
1374,drunk
1375,dry
1376,dryer
1377,dual
1378,dub
1379,duce
1380,duck
1381,ducks
1382,ducky
1383,duct
1384,ducts
1385,dud
1386,dude
1387,dudes
1388,duds
1389,due
1390,duel
1391,dues
1392,duet
1393,duff
1394,dug
1395,dui
1396,duke
1397,dukes
1398,dull
1399,duly
1400,dumb
1401,dummy
1402,dump
1403,dumps
1404,dun
1405,dunes
1406,dung
1407,dunk
1408,dunks
1409,duo
1410,duped
1411,dusk
1412,dusky
1413,dust
1414,dusty
1415,dutch
1416,duty
1417,duvet
1418,dwarf
1419,dweeb
1420,dwell
1421,dye
1422,dyed
1423,dyer
1424,dying
1425,dyke
1426,dykes
1427,each
1428,eager
1429,eagle
1430,ear
1431,earl
1432,early
1433,earn
1434,earns
1435,ears
1436,earth
1437,ease
1438,easel
1439,eases
1440,east
1441,easy
1442,eat
1443,eaten
1444,eater
1445,eats
1446,eaves
1447,ebb
1448,ebony
1449,echo
1450,eddy
1451,edema
1452,edge
1453,edged
1454,edges
1455,edgy
1456,edict
1457,edit
1458,edits
1459,eel
1460,eels
1461,eerie
1462,egg
1463,eggs
1464,ego
1465,egos
1466,eight
1467,eject
1468,eking
1469,elbow
1470,elder
1471,elect
1472,elf
1473,elite
1474,elk
1475,elks
1476,ell
1477,elm
1478,elms
1479,elope
1480,else
1481,elude
1482,elves
1483,ember
1484,emery
1485,emit
1486,empty
1487,ems
1488,enact
1489,end
1490,ended
1491,ends
1492,enema
1493,enemy
1494,eng
1495,enjoy
1496,ennui
1497,ensue
1498,enter
1499,entry
1500,envoy
1501,envy
1502,epic
1503,epoxy
1504,equal
1505,era
1506,erase
1507,ere
1508,erect
1509,ergo
1510,erica
1511,erode
1512,eros
1513,err
1514,erred
1515,error
1516,ers
1517,erupt
1518,ess
1519,essay
1520,ester
1521,eta
1522,eth
1523,ether
1524,ethic
1525,ethyl
1526,euro
1527,euros
1528,evade
1529,eve
1530,even
1531,evens
1532,event
1533,ever
1534,every
1535,eves
1536,evict
1537,evil
1538,evils
1539,ewe
1540,exact
1541,exam
1542,exams
1543,excel
1544,execs
1545,exes
1546,exile
1547,exist
1548,exit
1549,exits
1550,expel
1551,extra
1552,eye
1553,eyed
1554,eyes
1555,eyre
1556,fable
1557,face
1558,faced
1559,faces
1560,facet
1561,fact
1562,facts
1563,fad
1564,fade
1565,faded
1566,fades
1567,fads
1568,fag
1569,faggy
1570,fags
1571,fail
1572,fails
1573,faint
1574,fair
1575,fairy
1576,faith
1577,fake
1578,faked
1579,fall
1580,falls
1581,false
1582,fame
1583,famed
1584,fan
1585,fancy
1586,fang
1587,fangs
1588,fanny
1589,fans
1590,far
1591,farce
1592,fare
1593,fared
1594,farm
1595,farms
1596,fart
1597,farts
1598,fast
1599,fat
1600,fatal
1601,fate
1602,fates
1603,fatso
1604,fatty
1605,fault
1606,faun
1607,fauna
1608,faux
1609,fave
1610,favor
1611,fax
1612,faxed
1613,faxes
1614,fay
1615,fear
1616,fears
1617,feast
1618,feat
1619,feats
1620,feces
1621,fed
1622,feds
1623,fee
1624,feed
1625,feeds
1626,feel
1627,feels
1628,fees
1629,feet
1630,feign
1631,fell
1632,fella
1633,felon
1634,felt
1635,femme
1636,femur
1637,fen
1638,fence
1639,fend
1640,fer
1641,fern
1642,ferry
1643,fess
1644,feta
1645,fetal
1646,fetch
1647,fetus
1648,feud
1649,feuds
1650,fever
1651,few
1652,fewer
1653,fey
1654,fez
1655,fib
1656,fiber
1657,fibre
1658,ficus
1659,fido
1660,field
1661,fiend
1662,fiery
1663,fife
1664,fifth
1665,fifty
1666,fig
1667,fight
1668,file
1669,filed
1670,files
1671,filet
1672,fill
1673,fills
1674,filly
1675,film
1676,films
1677,filth
1678,fin
1679,final
1680,finch
1681,find
1682,finds
1683,fine
1684,fined
1685,finer
1686,fines
1687,fink
1688,fins
1689,fir
1690,fire
1691,fired
1692,fires
1693,firm
1694,firms
1695,firs
1696,first
1697,fish
1698,fishy
1699,fist
1700,fists
1701,fit
1702,fitch
1703,fits
1704,five
1705,fiver
1706,fives
1707,fix
1708,fixed
1709,fixer
1710,fixes
1711,fizz
1712,flack
1713,flag
1714,flags
1715,flail
1716,flair
1717,flak
1718,flake
1719,flaky
1720,flame
1721,flan
1722,flank
1723,flap
1724,flaps
1725,flare
1726,flash
1727,flask
1728,flat
1729,flats
1730,flaw
1731,flaws
1732,flay
1733,flea
1734,fleas
1735,fled
1736,flee
1737,fleet
1738,flesh
1739,flew
1740,flex
1741,flick
1742,flier
1743,flies
1744,fling
1745,flint
1746,flip
1747,flips
1748,flirt
1749,float
1750,flock
1751,floe
1752,flog
1753,flood
1754,floor
1755,flop
1756,flops
1757,flora
1758,floss
1759,flour
1760,flow
1761,flown
1762,flows
1763,flu
1764,flue
1765,fluff
1766,fluid
1767,fluke
1768,flung
1769,flunk
1770,flush
1771,flute
1772,flux
1773,fly
1774,flyer
1775,foal
1776,foam
1777,foamy
1778,fob
1779,focal
1780,focus
1781,foe
1782,fog
1783,foil
1784,fold
1785,folds
1786,folk
1787,folks
1788,folly
1789,fond
1790,font
1791,food
1792,foods
1793,fool
1794,fools
1795,foot
1796,fop
1797,for
1798,foray
1799,force
1800,ford
1801,fore
1802,forge
1803,forgo
1804,fork
1805,forks
1806,form
1807,forms
1808,fort
1809,forte
1810,forth
1811,forty
1812,forum
1813,fosse
1814,foul
1815,found
1816,four
1817,fours
1818,fowl
1819,fox
1820,foxes
1821,foxy
1822,foyer
1823,frail
1824,frame
1825,franc
1826,frank
1827,frat
1828,fraud
1829,fray
1830,freak
1831,free
1832,freed
1833,freer
1834,frees
1835,fresh
1836,fret
1837,fried
1838,fries
1839,frisk
1840,fritz
1841,fro
1842,frog
1843,frogs
1844,from
1845,front
1846,frost
1847,frown
1848,froze
1849,fruit
1850,fry
1851,fryer
1852,fuck
1853,fucks
1854,fudge
1855,fuel
1856,fuels
1857,fugu
1858,fugue
1859,full
1860,fully
1861,fumes
1862,fun
1863,fund
1864,funds
1865,fungi
1866,funk
1867,funky
1868,funny
1869,fur
1870,furry
1871,furs
1872,fury
1873,fuse
1874,fused
1875,fuses
1876,fuss
1877,fussy
1878,futon
1879,fuzz
1880,fuzzy
1881,gabby
1882,gaby
1883,gaff
1884,gag
1885,gaga
1886,gage
1887,gags
1888,gain
1889,gains
1890,gal
1891,gala
1892,gale
1893,gall
1894,gals
1895,game
1896,gamer
1897,games
1898,gamma
1899,gammy
1900,gams
1901,gamut
1902,gang
1903,gangs
1904,ganja
1905,gap
1906,gaps
1907,gar
1908,garb
1909,garth
1910,gas
1911,gases
1912,gasp
1913,gassy
1914,gat
1915,gate
1916,gated
1917,gates
1918,gator
1919,gaudy
1920,gauge
1921,gault
1922,gauze
1923,gave
1924,gavel
1925,gawk
1926,gay
1927,gays
1928,gaze
1929,gazed
1930,gear
1931,gears
1932,gecko
1933,ged
1934,gee
1935,geek
1936,geeks
1937,geeky
1938,gees
1939,geese
1940,geez
1941,gel
1942,gels
1943,gem
1944,gemma
1945,gems
1946,gen
1947,gene
1948,genes
1949,genie
1950,genoa
1951,genre
1952,gents
1953,genus
1954,germ
1955,germs
1956,get
1957,gets
1958,getup
1959,ghost
1960,ghoul
1961,giant
1962,gib
1963,giddy
1964,gift
1965,gifts
1966,gig
1967,gigs
1968,gill
1969,gills
1970,gimme
1971,gimp
1972,gin
1973,ginny
1974,girl
1975,girls
1976,girly
1977,girth
1978,gist
1979,git
1980,give
1981,given
1982,giver
1983,gives
1984,gizmo
1985,glad
1986,glade
1987,gland
1988,glare
1989,glass
1990,glaze
1991,gleam
1992,glee
1993,glen
1994,glib
1995,glide
1996,glint
1997,gloat
1998,globe
1999,gloom
2000,glop
2001,glory
2002,gloss
2003,glove
2004,glow
2005,glue
2006,glued
2007,glues
2008,glum
2009,gnat
2010,gnats
2011,gnaw
2012,gnome
2013,goa
2014,goad
2015,goal
2016,goals
2017,goat
2018,goats
2019,gob
2020,gobs
2021,god
2022,godly
2023,gods
2024,goers
2025,goes
2026,gofer
2027,going
2028,gold
2029,golf
2030,golly
2031,gone
2032,goner
2033,gong
2034,gonzo
2035,goo
2036,good
2037,goods
2038,goody
2039,gooey
2040,goof
2041,goofy
2042,goon
2043,goons
2044,goopy
2045,goose
2046,gor
2047,gore
2048,gorge
2049,gory
2050,gosh
2051,got
2052,gouge
2053,gourd
2054,gout
2055,gown
2056,gowns
2057,grab
2058,grabs
2059,grace
2060,grad
2061,grade
2062,grail
2063,grain
2064,gram
2065,grams
2066,gran
2067,grand
2068,grant
2069,grape
2070,grasp
2071,grass
2072,grate
2073,grave
2074,gravy
2075,gray
2076,great
2077,greed
2078,greek
2079,green
2080,greet
2081,grew
2082,grey
2083,grid
2084,grief
2085,griff
2086,grift
2087,grill
2088,grim
2089,grime
2090,grin
2091,grind
2092,grins
2093,grip
2094,gripe
2095,grips
2096,grits
2097,grog
2098,groin
2099,groom
2100,grope
2101,gross
2102,group
2103,grove
2104,grow
2105,growl
2106,grown
2107,grows
2108,grub
2109,grubs
2110,gruel
2111,grunt
2112,guard
2113,guava
2114,guess
2115,guest
2116,guff
2117,guide
2118,guild
2119,guilt
2120,gulag
2121,gulch
2122,gulf
2123,gull
2124,gum
2125,gums
2126,gun
2127,gunk
2128,guns
2129,guru
2130,gush
2131,gushy
2132,gusto
2133,gut
2134,guts
2135,guy
2136,guys
2137,gym
2138,gyms
2139,gypsy
2140,habit
2141,hack
2142,hacks
2143,had
2144,hades
2145,hadj
2146,hag
2147,hags
2148,hah
2149,haha
2150,hail
2151,hails
2152,hair
2153,hairs
2154,hairy
2155,hale
2156,half
2157,hall
2158,hallo
2159,halls
2160,halo
2161,halt
2162,ham
2163,hams
2164,hand
2165,hands
2166,handy
2167,hang
2168,hangs
2169,hank
2170,hanks
2171,hanky
2172,hap
2173,happy
2174,haps
2175,hard
2176,hardy
2177,hare
2178,harem
2179,harm
2180,harms
2181,harp
2182,harps
2183,harpy
2184,harry
2185,harsh
2186,hart
2187,harts
2188,has
2189,hash
2190,hast
2191,haste
2192,hasty
2193,hat
2194,hatch
2195,hate
2196,hated
2197,hater
2198,hates
2199,hath
2200,hats
2201,haul
2202,hauls
2203,haunt
2204,haute
2205,have
2206,haven
2207,havoc
2208,haw
2209,hawk
2210,hawks
2211,hay
2212,haze
2213,hazel
2214,hazy
2215,head
2216,heads
2217,heady
2218,heal
2219,heals
2220,heap
2221,heaps
2222,hear
2223,heard
2224,hears
2225,heart
2226,heat
2227,heath
2228,heats
2229,heave
2230,heavy
2231,heck
2232,hedge
2233,heed
2234,heel
2235,heels
2236,heft
2237,hefty
2238,heh
2239,heigh
2240,heil
2241,heir
2242,heirs
2243,heist
2244,held
2245,helix
2246,hell
2247,hello
2248,hells
2249,helm
2250,helms
2251,helo
2252,help
2253,helps
2254,hem
2255,hemp
2256,hen
2257,hence
2258,henry
2259,hens
2260,hep
2261,her
2262,herb
2263,herbs
2264,herd
2265,herds
2266,here
2267,hero
2268,hers
2269,hertz
2270,hex
2271,hexes
2272,hey
2273,hic
2274,hick
2275,hicks
2276,hid
2277,hide
2278,hides
2279,high
2280,highs
2281,hike
2282,hiked
2283,hiker
2284,hill
2285,hills
2286,hilt
2287,him
2288,hind
2289,hint
2290,hints
2291,hip
2292,hippo
2293,hips
2294,hire
2295,hired
2296,hires
2297,his
2298,hiss
2299,hit
2300,hitch
2301,hits
2302,hive
2303,hives
2304,hmm
2305,hoax
2306,hob
2307,hobby
2308,hobo
2309,hock
2310,hocks
2311,hocus
2312,hoe
2313,hoes
2314,hog
2315,hogan
2316,hogs
2317,hoist
2318,hokey
2319,hold
2320,holds
2321,hole
2322,holed
2323,holes
2324,holly
2325,holt
2326,holy
2327,home
2328,homer
2329,homes
2330,homey
2331,homo
2332,homos
2333,hon
2334,honda
2335,honed
2336,honey
2337,hong
2338,honk
2339,honks
2340,honky
2341,honor
2342,hooch
2343,hood
2344,hoof
2345,hook
2346,hooks
2347,hooky
2348,hoop
2349,hoops
2350,hoot
2351,hop
2352,hope
2353,hoped
2354,hopes
2355,hoppy
2356,hops
2357,hora
2358,horde
2359,horn
2360,horns
2361,horny
2362,horse
2363,hose
2364,hosed
2365,hoses
2366,host
2367,hosts
2368,hot
2369,hotel
2370,hots
2371,hound
2372,hour
2373,hours
2374,house
2375,hovel
2376,hover
2377,how
2378,howdy
2379,howe
2380,howl
2381,hows
2382,hoy
2383,hub
2384,hubby
2385,huck
2386,hue
2387,huffy
2388,hug
2389,huge
2390,hugs
2391,huh
2392,hula
2393,hulk
2394,hull
2395,hullo
2396,hum
2397,human
2398,humid
2399,humor
2400,hump
2401,humph
2402,humps
2403,hums
2404,humus
2405,hun
2406,hunch
2407,hung
2408,hunh
2409,hunk
2410,hunks
2411,hunky
2412,huns
2413,hunt
2414,hup
2415,hurl
2416,hurry
2417,hurst
2418,hurt
2419,hurts
2420,hush
2421,husk
2422,husks
2423,husky
2424,hussy
2425,hut
2426,hutch
2427,huts
2428,hydra
2429,hymn
2430,hymns
2431,hype
2432,hyped
2433,hyper
2434,hypo
2435,ice
2436,iced
2437,ich
2438,icing
2439,ick
2440,icky
2441,icon
2442,icons
2443,icy
2444,idea
2445,ideal
2446,ideas
2447,idiom
2448,idiot
2449,idle
2450,idly
2451,idol
2452,idols
2453,iff
2454,iffy
2455,ifs
2456,igloo
2457,iliad
2458,ilk
2459,ill
2460,ills
2461,image
2462,imam
2463,imp
2464,imply
2465,inch
2466,incur
2467,index
2468,indie
2469,inept
2470,info
2471,infra
2472,ink
2473,inn
2474,inner
2475,input
2476,ins
2477,inter
2478,into
2479,intro
2480,ion
2481,ions
2482,iris
2483,iron
2484,irons
2485,irony
2486,issue
2487,itch
2488,itchy
2489,item
2490,items
2491,its
2492,ivory
2493,ivy
2494,jab
2495,jabot
2496,jabs
2497,jack
2498,jacks
2499,jade
2500,jaded
2501,jag
2502,jags
2503,jail
2504,jake
2505,jam
2506,jams
2507,jane
2508,japan
2509,jar
2510,jars
2511,jaunt
2512,java
2513,jaw
2514,jawed
2515,jaws
2516,jay
2517,jazz
2518,jean
2519,jeans
2520,jeep
2521,jeeps
2522,jeez
2523,jefe
2524,jell
2525,jelly
2526,jenny
2527,jerk
2528,jerks
2529,jerky
2530,jerry
2531,jess
2532,jesse
2533,jest
2534,jet
2535,jets
2536,jew
2537,jewel
2538,jews
2539,jib
2540,jiff
2541,jiffy
2542,jig
2543,jihad
2544,jill
2545,jimmy
2546,jin
2547,jinx
2548,job
2549,jobs
2550,jock
2551,jocks
2552,joe
2553,joes
2554,joey
2555,jog
2556,john
2557,johns
2558,join
2559,joins
2560,joint
2561,joke
2562,joked
2563,joker
2564,jokes
2565,jolly
2566,jolt
2567,jones
2568,josh
2569,jot
2570,joust
2571,joy
2572,joys
2573,judas
2574,judge
2575,judo
2576,jug
2577,jugs
2578,juice
2579,juicy
2580,juke
2581,julep
2582,jumbo
2583,jump
2584,jumps
2585,jumpy
2586,junk
2587,junky
2588,juror
2589,jury
2590,jus
2591,just
2592,jut
2593,kabob
2594,kale
2595,kane
2596,kaon
2597,kappa
2598,kaput
2599,karat
2600,karma
2601,kasha
2602,kat
2603,kay
2604,kayak
2605,keel
2606,keen
2607,keep
2608,keeps
2609,keg
2610,kegs
2611,kelly
2612,kelp
2613,ken
2614,kendo
2615,keno
2616,kent
2617,kept
2618,kern
2619,kerry
2620,ketch
2621,key
2622,keys
2623,khaki
2624,khan
2625,kick
2626,kicks
2627,kicky
2628,kid
2629,kiddo
2630,kids
2631,kill
2632,kills
2633,kiln
2634,kilo
2635,kilos
2636,kilt
2637,kin
2638,kind
2639,kinds
2640,king
2641,kings
2642,kink
2643,kinky
2644,kins
2645,kiosk
2646,kip
2647,kirk
2648,kiss
2649,kissy
2650,kit
2651,kite
2652,kites
2653,kitty
2654,kiwi
2655,klutz
2656,knack
2657,knee
2658,kneed
2659,kneel
2660,knees
2661,knelt
2662,knew
2663,knife
2664,knit
2665,knob
2666,knobs
2667,knock
2668,knoll
2669,knot
2670,knots
2671,know
2672,known
2673,knows
2674,koala
2675,kobo
2676,koi
2677,kooks
2678,kooky
2679,koss
2680,kraft
2681,kris
2682,kudos
2683,lab
2684,label
2685,labor
2686,labs
2687,lac
2688,lace
2689,laced
2690,laces
2691,lacey
2692,lack
2693,lacks
2694,lacy
2695,lad
2696,laden
2697,ladle
2698,lads
2699,lady
2700,lag
2701,lager
2702,laid
2703,lair
2704,laird
2705,lake
2706,laker
2707,lakes
2708,lam
2709,lama
2710,lamb
2711,lambs
2712,lame
2713,lamp
2714,lamps
2715,lance
2716,land
2717,lands
2718,lane
2719,lanes
2720,lang
2721,lanky
2722,lap
2723,lapel
2724,laps
2725,lapse
2726,lar
2727,larch
2728,lard
2729,large
2730,lark
2731,lars
2732,las
2733,laser
2734,lash
2735,lass
2736,lasso
2737,last
2738,lasts
2739,latch
2740,late
2741,later
2742,latex
2743,lathe
2744,latte
2745,laugh
2746,laura
2747,lava
2748,law
2749,lawn
2750,lawns
2751,laws
2752,lax
2753,lay
2754,layer
2755,lays
2756,lazar
2757,lazy
2758,lead
2759,leads
2760,leaf
2761,leafs
2762,leafy
2763,leak
2764,leaks
2765,leaky
2766,lean
2767,leans
2768,leap
2769,leaps
2770,leapt
2771,lear
2772,learn
2773,leary
2774,lease
2775,leash
2776,least
2777,leave
2778,lech
2779,led
2780,ledge
2781,lee
2782,leech
2783,leery
2784,left
2785,lefts
2786,lefty
2787,leg
2788,legal
2789,leggy
2790,legit
2791,legs
2792,lei
2793,lemon
2794,lemur
2795,lend
2796,leno
2797,lens
2798,lent
2799,leper
2800,less
2801,lest
2802,let
2803,lets
2804,levee
2805,level
2806,lever
2807,levy
2808,lewd
2809,lewis
2810,lex
2811,lez
2812,liane
2813,liar
2814,liars
2815,libel
2816,lice
2817,lick
2818,licks
2819,lid
2820,lido
2821,lids
2822,lie
2823,lied
2824,liege
2825,lien
2826,lier
2827,lies
2828,lieu
2829,life
2830,lifer
2831,lift
2832,lifts
2833,light
2834,like
2835,liked
2836,likes
2837,lilac
2838,lily
2839,lima
2840,limb
2841,limbo
2842,limbs
2843,lime
2844,limes
2845,limey
2846,limit
2847,limo
2848,limos
2849,limp
2850,limps
2851,lin
2852,line
2853,lined
2854,linen
2855,liner
2856,lines
2857,ling
2858,lingo
2859,link
2860,links
2861,lint
2862,lion
2863,lions
2864,lip
2865,lippy
2866,lips
2867,lira
2868,lis
2869,list
2870,lists
2871,lit
2872,lite
2873,liter
2874,live
2875,lived
2876,liven
2877,liver
2878,lives
2879,livid
2880,llama
2881,load
2882,loads
2883,loaf
2884,loan
2885,loans
2886,loath
2887,lob
2888,lobby
2889,lobe
2890,lobes
2891,loca
2892,local
2893,loch
2894,lock
2895,locks
2896,loco
2897,lode
2898,lodge
2899,loft
2900,lofty
2901,log
2902,logan
2903,logic
2904,logo
2905,logs
2906,loin
2907,loins
2908,lolly
2909,lone
2910,loner
2911,long
2912,longs
2913,loo
2914,look
2915,looks
2916,loom
2917,loon
2918,loons
2919,loony
2920,loop
2921,loops
2922,loos
2923,loose
2924,loot
2925,lop
2926,loran
2927,lord
2928,lords
2929,lore
2930,lorry
2931,lose
2932,loser
2933,loses
2934,loss
2935,lost
2936,lot
2937,lots
2938,lotte
2939,lotto
2940,loud
2941,louie
2942,louis
2943,louse
2944,lousy
2945,lout
2946,love
2947,loved
2948,lover
2949,loves
2950,low
2951,lowe
2952,lower
2953,lowly
2954,lows
2955,lox
2956,loyal
2957,luau
2958,lube
2959,luce
2960,lucid
2961,luck
2962,lucky
2963,lug
2964,luge
2965,lull
2966,lulu
2967,lum
2968,lump
2969,lumps
2970,lumpy
2971,luna
2972,lunar
2973,lunch
2974,lung
2975,lunge
2976,lungs
2977,lupus
2978,lurch
2979,lure
2980,lured
2981,lures
2982,lurk
2983,lurks
2984,lush
2985,lust
2986,lusts
2987,lutz
2988,luv
2989,lux
2990,lye
2991,lying
2992,lymph
2993,lynch
2994,lynx
2995,mac
2996,mace
2997,mach
2998,mache
2999,macho
3000,mack
3001,mad
3002,madam
3003,made
3004,madly
3005,madre
3006,mae
3007,mafia
3008,mag
3009,magic
3010,mags
3011,maid
3012,maids
3013,mail
3014,mails
3015,maim
3016,main
3017,major
3018,make
3019,maker
3020,makes
3021,male
3022,males
3023,mall
3024,malls
3025,malt
3026,mama
3027,mamie
3028,mamma
3029,man
3030,mangy
3031,manic
3032,manly
3033,manna
3034,mano
3035,manor
3036,many
3037,map
3038,maple
3039,maps
3040,mar
3041,marc
3042,march
3043,mare
3044,marge
3045,maria
3046,mark
3047,marks
3048,marry
3049,mars
3050,marsh
3051,mart
3052,mas
3053,mash
3054,mask
3055,masks
3056,mason
3057,mass
3058,massa
3059,mat
3060,match
3061,mate
3062,mated
3063,mates
3064,matey
3065,math
3066,mats
3067,matt
3068,maul
3069,mavis
3070,maw
3071,max
3072,maxi
3073,maxim
3074,may
3075,maya
3076,mayan
3077,maybe
3078,mayo
3079,mayor
3080,maze
3081,mead
3082,meal
3083,meals
3084,mealy
3085,mean
3086,means
3087,meant
3088,meat
3089,meats
3090,meaty
3091,mecca
3092,med
3093,medal
3094,media
3095,medic
3096,meet
3097,meets
3098,mel
3099,melon
3100,melt
3101,melts
3102,memo
3103,memos
3104,men
3105,mend
3106,mensa
3107,menu
3108,menus
3109,meow
3110,mercy
3111,mere
3112,merit
3113,merl
3114,merle
3115,merry
3116,mesa
3117,mesh
3118,mess
3119,messy
3120,met
3121,meta
3122,metal
3123,meter
3124,meth
3125,metro
3126,mew
3127,mice
3128,mick
3129,micro
3130,mid
3131,midge
3132,midst
3133,miggs
3134,might
3135,mike
3136,mikes
3137,mil
3138,mild
3139,mile
3140,miles
3141,milk
3142,milky
3143,mill
3144,mills
3145,milo
3146,milt
3147,mime
3148,mimes
3149,mimic
3150,mina
3151,mince
3152,mind
3153,minds
3154,mine
3155,mined
3156,miner
3157,mines
3158,mini
3159,mink
3160,minks
3161,minor
3162,mint
3163,mints
3164,minty
3165,minus
3166,mirth
3167,mis
3168,miss
3169,missy
3170,mist
3171,misty
3172,mite
3173,mites
3174,mitt
3175,mitts
3176,mix
3177,mixed
3178,mixer
3179,mixes
3180,mixup
3181,moan
3182,moans
3183,moat
3184,mob
3185,mobs
3186,mocha
3187,mock
3188,mocks
3189,mod
3190,mode
3191,model
3192,modem
3193,modus
3194,mohel
3195,moil
3196,moist
3197,mojo
3198,mol
3199,mold
3200,molds
3201,moldy
3202,mole
3203,moles
3204,moll
3205,molly
3206,molto
3207,moly
3208,mom
3209,momma
3210,mommy
3211,moms
3212,mon
3213,monde
3214,mondo
3215,money
3216,monk
3217,monks
3218,mono
3219,monte
3220,month
3221,moo
3222,mooch
3223,mood
3224,moods
3225,moody
3226,moola
3227,moon
3228,moons
3229,moors
3230,moose
3231,moot
3232,mop
3233,mope
3234,moped
3235,mopes
3236,mopey
3237,mops
3238,mor
3239,moral
3240,more
3241,morn
3242,moron
3243,morph
3244,morse
3245,mort
3246,mosey
3247,moss
3248,most
3249,mote
3250,motel
3251,moth
3252,moths
3253,motif
3254,motor
3255,motto
3256,mould
3257,mound
3258,mount
3259,mourn
3260,mouse
3261,mousy
3262,mouth
3263,move
3264,moved
3265,moves
3266,movie
3267,mow
3268,mowed
3269,mower
3270,moxie
3271,much
3272,muck
3273,mucus
3274,mud
3275,muddy
3276,muff
3277,mug
3278,muggy
3279,mugs
3280,mulch
3281,mule
3282,mules
3283,muley
3284,mum
3285,mummy
3286,mumps
3287,mums
3288,munch
3289,mural
3290,murky
3291,muse
3292,muses
3293,mush
3294,mushy
3295,music
3296,muss
3297,must
3298,mute
3299,mutt
3300,myth
3301,myths
3302,nacho
3303,nada
3304,nag
3305,nah
3306,nail
3307,nails
3308,naive
3309,naked
3310,nam
3311,name
3312,named
3313,names
3314,nana
3315,nance
3316,nancy
3317,nanny
3318,nap
3319,nappy
3320,naps
3321,narc
3322,nary
3323,nasal
3324,nasty
3325,natty
3326,naval
3327,navy
3328,naw
3329,nay
3330,nazi
3331,nazis
3332,near
3333,neat
3334,neck
3335,necks
3336,nee
3337,need
3338,needs
3339,needy
3340,nelly
3341,neon
3342,nerd
3343,nerds
3344,nerdy
3345,nerve
3346,ness
3347,nest
3348,net
3349,neve
3350,never
3351,new
3352,newly
3353,news
3354,newt
3355,next
3356,nexus
3357,nice
3358,nicer
3359,niche
3360,nick
3361,nicks
3362,niece
3363,nifty
3364,nigh
3365,night
3366,nil
3367,nine
3368,nines
3369,ninja
3370,ninny
3371,ninth
3372,nip
3373,nippy
3374,nite
3375,nitty
3376,nix
3377,nixed
3378,noble
3379,nod
3380,node
3381,nodes
3382,nods
3383,noel
3384,noh
3385,noir
3386,noise
3387,noisy
3388,nomad
3389,nome
3390,none
3391,noo
3392,noon
3393,noose
3394,nope
3395,nor
3396,norm
3397,north
3398,nos
3399,nose
3400,nosed
3401,noses
3402,nosey
3403,nosh
3404,nosy
3405,not
3406,notch
3407,note
3408,noted
3409,notes
3410,noun
3411,nous
3412,nova
3413,novel
3414,now
3415,nub
3416,nude
3417,nudes
3418,nudge
3419,nudie
3420,nuke
3421,nuked
3422,nukes
3423,numb
3424,nun
3425,nuns
3426,nurse
3427,nut
3428,nuts
3429,nutty
3430,nylon
3431,nymph
3432,oaf
3433,oak
3434,oaks
3435,oar
3436,oars
3437,oasis
3438,oath
3439,oaths
3440,oats
3441,obese
3442,obey
3443,obi
3444,obits
3445,oboe
3446,occur
3447,ocean
3448,odd
3449,oddly
3450,odds
3451,ode
3452,odor
3453,off
3454,offer
3455,offs
3456,often
3457,ogle
3458,ogre
3459,ogres
3460,ohm
3461,oho
3462,oil
3463,oiled
3464,oils
3465,oily
3466,oink
3467,okay
3468,okra
3469,old
3470,olden
3471,older
3472,oldie
3473,olds
3474,ole
3475,olive
3476,omega
3477,omen
3478,omens
3479,once
3480,one
3481,ones
3482,onion
3483,only
3484,onto
3485,ooh
3486,oomph
3487,oops
3488,ooze
3489,opal
3490,open
3491,opens
3492,opera
3493,opium
3494,ops
3495,opted
3496,optic
3497,opus
3498,oral
3499,orb
3500,orbed
3501,orbit
3502,orbs
3503,order
3504,ore
3505,organ
3506,orgy
3507,ort
3508,ose
3509,other
3510,otter
3511,otto
3512,ouch
3513,ought
3514,ounce
3515,our
3516,ours
3517,out
3518,outdo
3519,outer
3520,outs
3521,oval
3522,oven
3523,over
3524,owe
3525,owed
3526,owes
3527,owing
3528,owl
3529,owls
3530,own
3531,owned
3532,owner
3533,owns
3534,oxen
3535,oyez
3536,ozone
3537,pac
3538,pace
3539,paced
3540,pacer
3541,paces
3542,pack
3543,packs
3544,pact
3545,pad
3546,paddy
3547,padre
3548,pads
3549,pagan
3550,page
3551,paged
3552,pager
3553,pages
3554,pah
3555,paid
3556,pail
3557,pain
3558,pains
3559,paint
3560,pair
3561,pairs
3562,pal
3563,pale
3564,paler
3565,pales
3566,palm
3567,palms
3568,palp
3569,pals
3570,palsy
3571,pam
3572,pan
3573,panda
3574,pane
3575,panel
3576,panic
3577,pans
3578,pansy
3579,pant
3580,pants
3581,panty
3582,pap
3583,papa
3584,paper
3585,pappy
3586,par
3587,para
3588,pare
3589,paris
3590,park
3591,parka
3592,parks
3593,part
3594,parts
3595,party
3596,pas
3597,pass
3598,past
3599,pasta
3600,paste
3601,pasts
3602,pat
3603,patch
3604,pate
3605,path
3606,paths
3607,patio
3608,patsy
3609,patty
3610,pause
3611,pave
3612,paved
3613,paw
3614,pawn
3615,paws
3616,pax
3617,pay
3618,pays
3619,pea
3620,peace
3621,peach
3622,peak
3623,peaks
3624,pear
3625,pearl
3626,peas
3627,peat
3628,pecan
3629,peck
3630,pecks
3631,pecs
3632,pedal
3633,pedro
3634,pee
3635,peed
3636,peek
3637,peeks
3638,peel
3639,peels
3640,peep
3641,peeps
3642,peer
3643,peers
3644,pees
3645,peg
3646,pele
3647,pelt
3648,pelts
3649,pen
3650,penal
3651,pence
3652,penis
3653,penne
3654,penny
3655,pens
3656,peon
3657,pep
3658,per
3659,perch
3660,peril
3661,perk
3662,perks
3663,perky
3664,perm
3665,perry
3666,pesky
3667,pesos
3668,pest
3669,pesto
3670,pests
3671,pet
3672,petal
3673,peter
3674,petit
3675,pets
3676,petty
3677,pew
3678,pfft
3679,phase
3680,phew
3681,phi
3682,phone
3683,phony
3684,photo
3685,piano
3686,pic
3687,pick
3688,picks
3689,picky
3690,pie
3691,piece
3692,pied
3693,pier
3694,pies
3695,pig
3696,piggy
3697,pigs
3698,pike
3699,pilar
3700,pile
3701,piled
3702,piles
3703,pill
3704,pills
3705,pilot
3706,pimp
3707,pin
3708,pina
3709,pinch
3710,pine
3711,pines
3712,ping
3713,pink
3714,pinks
3715,pinky
3716,pinot
3717,pins
3718,pint
3719,pinto
3720,pints
3721,pious
3722,pip
3723,pipe
3724,piper
3725,pipes
3726,pis
3727,piss
3728,pit
3729,pitch
3730,pithy
3731,pits
3732,pity
3733,pivot
3734,pixie
3735,pizza
3736,place
3737,plaid
3738,plain
3739,plait
3740,plan
3741,plane
3742,plank
3743,plans
3744,plant
3745,plate
3746,play
3747,playa
3748,plays
3749,plaza
3750,plea
3751,plead
3752,pleas
3753,pled
3754,plop
3755,plot
3756,plots
3757,plow
3758,ploy
3759,pluck
3760,plug
3761,plugs
3762,plum
3763,plump
3764,plums
3765,plus
3766,plush
3767,poach
3768,pod
3769,pods
3770,poem
3771,poems
3772,poet
3773,poets
3774,poi
3775,point
3776,poise
3777,poke
3778,poked
3779,poker
3780,pokes
3781,pokey
3782,polar
3783,pole
3784,poles
3785,polio
3786,polka
3787,poll
3788,polls
3789,polo
3790,poly
3791,pom
3792,pond
3793,ponds
3794,pong
3795,pony
3796,pooch
3797,poof
3798,poofs
3799,poofy
3800,pooh
3801,pool
3802,pools
3803,poop
3804,poor
3805,pop
3806,pope
3807,poppa
3808,poppy
3809,pops
3810,porch
3811,pore
3812,pores
3813,pork
3814,porky
3815,porn
3816,porno
3817,port
3818,ports
3819,pose
3820,posed
3821,poser
3822,poses
3823,posse
3824,post
3825,posts
3826,pot
3827,pots
3828,potty
3829,pouch
3830,pound
3831,pour
3832,pours
3833,pout
3834,pow
3835,power
3836,pox
3837,pram
3838,prank
3839,pray
3840,prays
3841,prep
3842,press
3843,prey
3844,preys
3845,price
3846,prick
3847,pride
3848,prim
3849,prima
3850,prime
3851,primo
3852,print
3853,prior
3854,priss
3855,privy
3856,prize
3857,pro
3858,probe
3859,prod
3860,prof
3861,prom
3862,promo
3863,proms
3864,prone
3865,proof
3866,prop
3867,props
3868,pros
3869,prose
3870,proud
3871,prove
3872,prowl
3873,proxy
3874,prude
3875,prune
3876,pry
3877,psalm
3878,psi
3879,psst
3880,psych
3881,pub
3882,pubes
3883,pubic
3884,puce
3885,puck
3886,puff
3887,puffs
3888,puffy
3889,pug
3890,puke
3891,pull
3892,pulls
3893,pulp
3894,pulse
3895,pump
3896,pumps
3897,pun
3898,punch
3899,punk
3900,punks
3901,punky
3902,puns
3903,punt
3904,puny
3905,pup
3906,pupil
3907,puppy
3908,pure
3909,puree
3910,purer
3911,purge
3912,purr
3913,purse
3914,pus
3915,push
3916,pushy
3917,puss
3918,pussy
3919,put
3920,puts
3921,putty
3922,pygmy
3923,pyre
3924,quack
3925,quad
3926,quake
3927,quark
3928,quart
3929,queen
3930,queer
3931,quell
3932,query
3933,quest
3934,queue
3935,quick
3936,quid
3937,quiet
3938,quilt
3939,quirk
3940,quit
3941,quite
3942,quits
3943,quiz
3944,quota
3945,quote
3946,quoth
3947,rabbi
3948,rabid
3949,race
3950,raced
3951,racer
3952,races
3953,rack
3954,racks
3955,racy
3956,radar
3957,radio
3958,raft
3959,rag
3960,rage
3961,rages
3962,rags
3963,rah
3964,raid
3965,raids
3966,rail
3967,rails
3968,rain
3969,rains
3970,rainy
3971,raise
3972,rajah
3973,rake
3974,raked
3975,rally
3976,ralph
3977,ram
3978,ramp
3979,ramus
3980,ran
3981,ranch
3982,rand
3983,randy
3984,rang
3985,range
3986,rank
3987,ranks
3988,rant
3989,rants
3990,rap
3991,rape
3992,raped
3993,rapes
3994,rapid
3995,rare
3996,rash
3997,rat
3998,rate
3999,rated
4000,rates
4001,rath
4002,ratio
4003,rats
4004,ratty
4005,rave
4006,raved
4007,raven
4008,raw
4009,ray
4010,rayed
4011,rays
4012,razor
4013,reach
4014,react
4015,read
4016,reads
4017,ready
4018,real
4019,realm
4020,ream
4021,reap
4022,rear
4023,rears
4024,rebel
4025,rec
4026,recap
4027,recon
4028,red
4029,redid
4030,redo
4031,reds
4032,ree
4033,reed
4034,reef
4035,reefs
4036,reek
4037,reeks
4038,reel
4039,reels
4040,reeve
4041,refer
4042,regal
4043,rehab
4044,reign
4045,rein
4046,relax
4047,relay
4048,relic
4049,rely
4050,rem
4051,renal
4052,renew
4053,rent
4054,rents
4055,rep
4056,repay
4057,reply
4058,reps
4059,res
4060,reset
4061,resin
4062,rest
4063,rests
4064,retro
4065,rev
4066,rex
4067,rhino
4068,rhyme
4069,rib
4070,ribs
4071,rice
4072,rich
4073,rick
4074,ricks
4075,rid
4076,ride
4077,rider
4078,rides
4079,ridge
4080,rife
4081,riff
4082,rifle
4083,rift
4084,rig
4085,right
4086,rigid
4087,rigor
4088,rigs
4089,rile
4090,riled
4091,riley
4092,rim
4093,rin
4094,ring
4095,rings
4096,rink
4097,rinse
4098,rioja
4099,riot
4100,riots
4101,rip
4102,ripe
4103,rips
4104,rise
4105,risen
4106,rises
4107,risk
4108,risks
4109,risky
4110,rite
4111,rites
4112,ritz
4113,ritzy
4114,rival
4115,river
4116,roach
4117,road
4118,roads
4119,roam
4120,roar
4121,roast
4122,rob
4123,robe
4124,robes
4125,robin
4126,robot
4127,robs
4128,rock
4129,rocks
4130,rocky
4131,rod
4132,rode
4133,rodeo
4134,rods
4135,roger
4136,rogue
4137,role
4138,roles
4139,rolf
4140,roll
4141,rolls
4142,rom
4143,roman
4144,romeo
4145,romp
4146,roof
4147,roofs
4148,rook
4149,room
4150,rooms
4151,roomy
4152,roost
4153,root
4154,roots
4155,rope
4156,roped
4157,ropes
4158,rose
4159,roses
4160,rosin
4161,rosy
4162,rot
4163,roto
4164,rots
4165,rouge
4166,rough
4167,round
4168,rouse
4169,roust
4170,route
4171,rover
4172,row
4173,rowan
4174,rowdy
4175,rows
4176,royal
4177,rub
4178,rube
4179,rubes
4180,rubs
4181,ruby
4182,rude
4183,ruder
4184,rue
4185,ruff
4186,rug
4187,rugby
4188,ruin
4189,ruins
4190,rule
4191,ruled
4192,ruler
4193,rules
4194,rum
4195,rumba
4196,rummy
4197,rumor
4198,rump
4199,run
4200,rune
4201,runes
4202,rung
4203,runny
4204,runs
4205,runt
4206,rural
4207,ruse
4208,rush
4209,rust
4210,rusty
4211,rut
4212,ruth
4213,rya
4214,rye
4215,sabe
4216,saber
4217,sabin
4218,sable
4219,sac
4220,sack
4221,sacks
4222,sad
4223,sade
4224,sadly
4225,safe
4226,safer
4227,safes
4228,saga
4229,sage
4230,sahib
4231,said
4232,sail
4233,sails
4234,saint
4235,saith
4236,sake
4237,sakes
4238,saki
4239,sal
4240,salad
4241,sale
4242,sales
4243,sally
4244,salon
4245,salsa
4246,salt
4247,salty
4248,same
4249,sand
4250,sands
4251,sandy
4252,sane
4253,sang
4254,sank
4255,sans
4256,santo
4257,sap
4258,sappy
4259,saps
4260,saran
4261,sarge
4262,sark
4263,sassy
4264,sat
4265,satin
4266,satyr
4267,sauce
4268,saul
4269,sauna
4270,save
4271,saved
4272,saver
4273,saves
4274,savin
4275,savor
4276,savvy
4277,saw
4278,sawed
4279,saws
4280,sax
4281,say
4282,sayer
4283,says
4284,scab
4285,scabs
4286,scag
4287,scald
4288,scale
4289,scalp
4290,scam
4291,scamp
4292,scams
4293,scan
4294,scans
4295,scant
4296,scar
4297,scare
4298,scarf
4299,scars
4300,scary
4301,scat
4302,scene
4303,scent
4304,schmo
4305,scoff
4306,scone
4307,scoop
4308,scoot
4309,scope
4310,score
4311,scot
4312,scots
4313,scout
4314,scow
4315,scram
4316,scrap
4317,screw
4318,scrub
4319,scry
4320,scuba
4321,scud
4322,scuff
4323,scum
4324,sea
4325,seal
4326,seals
4327,seam
4328,seams
4329,sear
4330,sears
4331,seas
4332,seat
4333,seats
4334,sec
4335,sedan
4336,see
4337,seed
4338,seeds
4339,seedy
4340,seek
4341,seeks
4342,seem
4343,seems
4344,seen
4345,seep
4346,seer
4347,sees
4348,seg
4349,segue
4350,seize
4351,self
4352,sell
4353,sells
4354,semen
4355,semi
4356,sen
4357,send
4358,sends
4359,senor
4360,sense
4361,sent
4362,ser
4363,sera
4364,serge
4365,serum
4366,serve
4367,set
4368,sets
4369,setup
4370,seven
4371,sever
4372,sew
4373,sewed
4374,sewer
4375,sewn
4376,sex
4377,sexes
4378,sexy
4379,sha
4380,shack
4381,shad
4382,shade
4383,shady
4384,shaft
4385,shag
4386,shah
4387,shake
4388,shaky
4389,shale
4390,shall
4391,shalt
4392,sham
4393,shame
4394,shank
4395,shape
4396,share
4397,shark
4398,sharp
4399,shat
4400,shave
4401,shaw
4402,shawl
4403,shawn
4404,shay
4405,she
4406,shea
4407,shear
4408,shed
4409,sheds
4410,sheen
4411,sheep
4412,sheer
4413,sheet
4414,shelf
4415,shell
4416,shes
4417,shh
4418,shift
4419,shill
4420,shin
4421,shine
4422,shins
4423,shiny
4424,ship
4425,ships
4426,shirt
4427,shit
4428,shits
4429,shiv
4430,shiva
4431,shoal
4432,shock
4433,shoe
4434,shoes
4435,shone
4436,shoo
4437,shook
4438,shoot
4439,shop
4440,shops
4441,shore
4442,short
4443,shot
4444,shots
4445,shout
4446,shove
4447,show
4448,shown
4449,shows
4450,showy
4451,shred
4452,shrew
4453,shrub
4454,shrug
4455,shuck
4456,shun
4457,shunt
4458,shush
4459,shut
4460,shuts
4461,shy
4462,sic
4463,sick
4464,sicko
4465,side
4466,sided
4467,sides
4468,sidle
4469,siege
4470,sift
4471,sigh
4472,sighs
4473,sight
4474,sigma
4475,sign
4476,signs
4477,sikes
4478,silk
4479,silks
4480,silky
4481,sill
4482,silly
4483,silva
4484,sim
4485,simp
4486,sims
4487,sin
4488,since
4489,sine
4490,sing
4491,singe
4492,sings
4493,sink
4494,sinks
4495,sins
4496,sinus
4497,sip
4498,sir
4499,sire
4500,siree
4501,siren
4502,sirs
4503,sis
4504,sissy
4505,sit
4506,site
4507,sites
4508,sits
4509,six
4510,sixes
4511,sixth
4512,sixty
4513,size
4514,sized
4515,sizes
4516,skag
4517,skate
4518,ski
4519,skid
4520,skids
4521,skied
4522,skier
4523,skies
4524,skiff
4525,skill
4526,skim
4527,skimp
4528,skin
4529,skins
4530,skip
4531,skirt
4532,skis
4533,skit
4534,skulk
4535,skull
4536,skunk
4537,sky
4538,slack
4539,slam
4540,slams
4541,slang
4542,slant
4543,slap
4544,slaps
4545,slash
4546,slate
4547,slave
4548,slaw
4549,slay
4550,sled
4551,sleek
4552,sleep
4553,sleet
4554,slept
4555,slew
4556,slice
4557,slick
4558,slid
4559,slide
4560,slim
4561,slime
4562,slimy
4563,sling
4564,slink
4565,slip
4566,slips
4567,slit
4568,slob
4569,slop
4570,slope
4571,slot
4572,slots
4573,slow
4574,slug
4575,slugs
4576,slum
4577,slung
4578,slur
4579,slurp
4580,slush
4581,slut
4582,sluts
4583,sly
4584,smack
4585,small
4586,smart
4587,smash
4588,smear
4589,smell
4590,smelt
4591,smile
4592,smirk
4593,smite
4594,smith
4595,smock
4596,smog
4597,smoke
4598,smoky
4599,smug
4600,snack
4601,snag
4602,snags
4603,snake
4604,snap
4605,snaps
4606,snarl
4607,sneak
4608,sneer
4609,snide
4610,sniff
4611,snip
4612,snipe
4613,snit
4614,snob
4615,snook
4616,snoop
4617,snore
4618,snort
4619,snot
4620,snout
4621,snow
4622,snowy
4623,snub
4624,snuck
4625,snuff
4626,snug
4627,soak
4628,soap
4629,soaps
4630,soapy
4631,soar
4632,soars
4633,sob
4634,sober
4635,sobs
4636,sock
4637,socks
4638,sod
4639,soda
4640,sodas
4641,sofa
4642,sofas
4643,soft
4644,softy
4645,soggy
4646,soil
4647,sol
4648,solar
4649,sold
4650,sole
4651,soles
4652,solid
4653,solo
4654,solve
4655,some
4656,son
4657,sonar
4658,song
4659,songs
4660,sonny
4661,sons
4662,sook
4663,soon
4664,soot
4665,sop
4666,sore
4667,sorel
4668,sores
4669,sorry
4670,sort
4671,sorts
4672,sos
4673,sot
4674,soul
4675,souls
4676,sound
4677,soup
4678,soups
4679,soupy
4680,sour
4681,sous
4682,souse
4683,south
4684,sow
4685,sown
4686,sox
4687,soy
4688,spa
4689,space
4690,spade
4691,span
4692,spank
4693,spans
4694,spar
4695,spare
4696,spark
4697,spas
4698,spasm
4699,spat
4700,spate
4701,spawn
4702,spaz
4703,speak
4704,spear
4705,speck
4706,specs
4707,speed
4708,spell
4709,spelt
4710,spend
4711,spent
4712,sperm
4713,spew
4714,spic
4715,spice
4716,spicy
4717,spied
4718,spiel
4719,spies
4720,spike
4721,spiky
4722,spill
4723,spin
4724,spine
4725,spins
4726,spiny
4727,spit
4728,spite
4729,spits
4730,spitz
4731,splat
4732,split
4733,spoil
4734,spoke
4735,spook
4736,spool
4737,spoon
4738,sport
4739,spot
4740,spots
4741,spray
4742,spree
4743,spry
4744,spud
4745,spun
4746,spunk
4747,spur
4748,spurs
4749,spurt
4750,spy
4751,squad
4752,squat
4753,squaw
4754,squid
4755,sri
4756,stab
4757,stack
4758,staff
4759,stag
4760,stage
4761,stain
4762,stair
4763,stake
4764,stale
4765,stalk
4766,stall
4767,stamp
4768,stand
4769,stang
4770,star
4771,stare
4772,stark
4773,stars
4774,start
4775,stash
4776,stat
4777,state
4778,stats
4779,stave
4780,stay
4781,stays
4782,stead
4783,steak
4784,steal
4785,steam
4786,steed
4787,steel
4788,steep
4789,steer
4790,stein
4791,stem
4792,stems
4793,steno
4794,step
4795,steps
4796,stern
4797,stew
4798,stick
4799,stiff
4800,still
4801,sting
4802,stink
4803,stint
4804,stir
4805,stirs
4806,stock
4807,stoic
4808,stoke
4809,stole
4810,stomp
4811,stone
4812,stony
4813,stood
4814,stool
4815,stoop
4816,stop
4817,stops
4818,store
4819,stork
4820,storm
4821,story
4822,stove
4823,stow
4824,strap
4825,straw
4826,stray
4827,strep
4828,strip
4829,strut
4830,stub
4831,stubs
4832,stuck
4833,stud
4834,studs
4835,study
4836,stuff
4837,stump
4838,stun
4839,stung
4840,stunk
4841,stunt
4842,sty
4843,style
4844,suave
4845,sub
4846,such
4847,suck
4848,sucks
4849,suds
4850,sue
4851,sued
4852,suede
4853,sues
4854,sugar
4855,suing
4856,suit
4857,suite
4858,suits
4859,sulk
4860,sum
4861,sumo
4862,sump
4863,sums
4864,sun
4865,sung
4866,sunk
4867,sunny
4868,sup
4869,super
4870,sure
4871,surf
4872,surge
4873,surly
4874,sushi
4875,suss
4876,sutra
4877,swab
4878,swabs
4879,swam
4880,swami
4881,swamp
4882,swan
4883,swank
4884,swans
4885,swap
4886,swarm
4887,swat
4888,sway
4889,swear
4890,sweat
4891,swede
4892,sweep
4893,sweet
4894,swell
4895,swept
4896,swift
4897,swig
4898,swill
4899,swim
4900,swims
4901,swine
4902,swing
4903,swipe
4904,swirl
4905,swiss
4906,swoop
4907,sword
4908,swore
4909,sworn
4910,swung
4911,sykes
4912,sync
4913,synch
4914,syne
4915,syrup
4916,tab
4917,tabby
4918,table
4919,tabs
4920,tach
4921,tacit
4922,tack
4923,tacks
4924,tacky
4925,taco
4926,tacos
4927,tact
4928,tad
4929,tae
4930,taffy
4931,tag
4932,tags
4933,tail
4934,tails
4935,taint
4936,taj
4937,take
4938,taken
4939,taker
4940,takes
4941,takin
4942,tale
4943,tales
4944,talk
4945,talks
4946,talky
4947,tall
4948,tally
4949,tame
4950,tammy
4951,tan
4952,tango
4953,tank
4954,tanks
4955,tap
4956,tapas
4957,tape
4958,taped
4959,tapes
4960,tar
4961,tardy
4962,tarot
4963,tarp
4964,tart
4965,tarts
4966,tas
4967,task
4968,tasks
4969,taste
4970,tasty
4971,tat
4972,tate
4973,tater
4974,tau
4975,taunt
4976,taut
4977,tax
4978,taxed
4979,taxes
4980,taxi
4981,taxis
4982,tea
4983,teach
4984,teal
4985,team
4986,teams
4987,tear
4988,tears
4989,teary
4990,teas
4991,tease
4992,ted
4993,teddy
4994,tee
4995,teed
4996,teen
4997,teens
4998,teeny
4999,teeth
5000,telex
5001,tell
5002,tells
5003,telly
5004,temp
5005,tempo
5006,temps
5007,tempt
5008,ten
5009,tend
5010,tends
5011,tenor
5012,tens
5013,tense
5014,tent
5015,tenth
5016,tents
5017,tepid
5018,term
5019,terms
5020,terra
5021,terry
5022,test
5023,tests
5024,testy
5025,tet
5026,texas
5027,text
5028,texts
5029,than
5030,thank
5031,that
5032,thaw
5033,the
5034,thee
5035,theft
5036,their
5037,them
5038,theme
5039,then
5040,there
5041,these
5042,theta
5043,they
5044,thick
5045,thief
5046,thigh
5047,thin
5048,thine
5049,thing
5050,think
5051,thins
5052,third
5053,this
5054,tho
5055,thong
5056,thorn
5057,those
5058,thou
5059,three
5060,threw
5061,throw
5062,thru
5063,thug
5064,thugs
5065,thumb
5066,thump
5067,thus
5068,thy
5069,thyme
5070,tiara
5071,tibia
5072,tic
5073,tick
5074,ticks
5075,tidal
5076,tide
5077,tides
5078,tidy
5079,tie
5080,tied
5081,tier
5082,ties
5083,tiff
5084,tiger
5085,tight
5086,tiki
5087,til
5088,tile
5089,tiles
5090,till
5091,tilt
5092,time
5093,timed
5094,timer
5095,times
5096,timid
5097,tin
5098,ting
5099,tins
5100,tiny
5101,tip
5102,tippy
5103,tips
5104,tipsy
5105,tire
5106,tired
5107,tires
5108,tis
5109,tit
5110,titan
5111,title
5112,tits
5113,titty
5114,tizzy
5115,toad
5116,toast
5117,toby
5118,tod
5119,today
5120,toddy
5121,toe
5122,toed
5123,toes
5124,tofu
5125,toga
5126,toke
5127,token
5128,told
5129,toll
5130,tolls
5131,tom
5132,tomb
5133,tombs
5134,tome
5135,tommy
5136,toms
5137,ton
5138,tone
5139,toned
5140,toner
5141,tones
5142,tong
5143,tongs
5144,tonic
5145,tons
5146,tony
5147,too
5148,took
5149,tool
5150,tools
5151,toon
5152,toons
5153,toot
5154,tooth
5155,toots
5156,top
5157,topaz
5158,topes
5159,topic
5160,tops
5161,tor
5162,torah
5163,torch
5164,tore
5165,torn
5166,toro
5167,torso
5168,tory
5169,tosh
5170,toss
5171,total
5172,tote
5173,totem
5174,tots
5175,touch
5176,tough
5177,tour
5178,tours
5179,tow
5180,towed
5181,towel
5182,tower
5183,town
5184,towns
5185,toxic
5186,toxin
5187,toy
5188,toyed
5189,toys
5190,trace
5191,track
5192,trade
5193,trail
5194,train
5195,trait
5196,tram
5197,tramp
5198,trans
5199,trap
5200,traps
5201,trash
5202,tray
5203,trays
5204,tread
5205,treat
5206,tree
5207,trees
5208,trek
5209,trend
5210,trey
5211,triad
5212,trial
5213,tribe
5214,trick
5215,tried
5216,tries
5217,trig
5218,trim
5219,trio
5220,trip
5221,tripe
5222,trips
5223,trite
5224,troll
5225,troop
5226,trot
5227,trout
5228,trove
5229,troy
5230,truce
5231,truck
5232,true
5233,truer
5234,truly
5235,trump
5236,trunk
5237,truss
5238,trust
5239,truth
5240,try
5241,tsk
5242,tub
5243,tuba
5244,tubby
5245,tube
5246,tubes
5247,tubs
5248,tuck
5249,tug
5250,tulip
5251,tulle
5252,tummy
5253,tumor
5254,tuna
5255,tune
5256,tuned
5257,tunes
5258,tung
5259,tunic
5260,turbo
5261,turd
5262,turds
5263,turf
5264,turk
5265,turks
5266,turn
5267,turns
5268,tush
5269,tushy
5270,tusk
5271,tut
5272,tutor
5273,tutti
5274,tutu
5275,tux
5276,tuxes
5277,twain
5278,twas
5279,twat
5280,tweak
5281,tweed
5282,tween
5283,tweet
5284,twerp
5285,twice
5286,twig
5287,twigs
5288,twin
5289,twine
5290,twins
5291,twirl
5292,twist
5293,twit
5294,twits
5295,two
5296,twos
5297,tying
5298,tykes
5299,type
5300,typed
5301,types
5302,typo
5303,tyre
5304,tyres
5305,ugh
5306,ugly
5307,ulcer
5308,ultra
5309,umm
5310,ump
5311,uncle
5312,uncut
5313,under
5314,undo
5315,undue
5316,unfit
5317,union
5318,unit
5319,unite
5320,units
5321,unity
5322,uns
5323,untie
5324,until
5325,unto
5326,unzip
5327,upon
5328,upped
5329,upper
5330,ups
5331,upset
5332,urban
5333,urge
5334,urged
5335,urges
5336,urine
5337,urn
5338,urns
5339,use
5340,used
5341,user
5342,users
5343,uses
5344,usher
5345,using
5346,usual
5347,utter
5348,vague
5349,vail
5350,vain
5351,valet
5352,valid
5353,valor
5354,value
5355,valve
5356,vamp
5357,vamps
5358,van
5359,vapid
5360,vary
5361,vase
5362,vast
5363,vat
5364,vault
5365,veal
5366,vee
5367,veer
5368,veg
5369,vegan
5370,veil
5371,veils
5372,vein
5373,veins
5374,venom
5375,vent
5376,vents
5377,venue
5378,vera
5379,verbs
5380,verge
5381,verse
5382,very
5383,vest
5384,vesta
5385,vests
5386,vet
5387,veto
5388,vets
5389,via
5390,vial
5391,vials
5392,vibe
5393,vibes
5394,vicar
5395,vice
5396,video
5397,vie
5398,view
5399,views
5400,vig
5401,vigil
5402,vigor
5403,vile
5404,vill
5405,villa
5406,vine
5407,vino
5408,vinyl
5409,viola
5410,viper
5411,viral
5412,virus
5413,vis
5414,visa
5415,visas
5416,visit
5417,visor
5418,vista
5419,vital
5420,viva
5421,vive
5422,vivid
5423,vixen
5424,vocal
5425,vodka
5426,vogue
5427,voice
5428,void
5429,voila
5430,volt
5431,volts
5432,vomit
5433,vote
5434,voted
5435,voter
5436,votes
5437,vouch
5438,vow
5439,vowed
5440,vowel
5441,vows
5442,vroom
5443,vying
5444,wack
5445,wacko
5446,wacky
5447,wad
5448,wade
5449,wag
5450,wage
5451,wager
5452,wages
5453,wagon
5454,wahoo
5455,waif
5456,wail
5457,waist
5458,wait
5459,waits
5460,waive
5461,wake
5462,waken
5463,wakes
5464,walk
5465,walks
5466,wall
5467,walla
5468,walls
5469,wally
5470,waltz
5471,wan
5472,wand
5473,want
5474,wants
5475,war
5476,ward
5477,ware
5478,wares
5479,warm
5480,warms
5481,warn
5482,warp
5483,wars
5484,wart
5485,warts
5486,wary
5487,was
5488,wash
5489,washy
5490,wasp
5491,wasps
5492,waste
5493,watch
5494,water
5495,watt
5496,watts
5497,wave
5498,waved
5499,waves
5500,wavy
5501,wax
5502,waxed
5503,waxes
5504,waxy
5505,way
5506,ways
5507,weak
5508,wean
5509,wear
5510,wears
5511,weary
5512,weave
5513,web
5514,weber
5515,webs
5516,wed
5517,wedge
5518,weds
5519,wee
5520,weed
5521,weeds
5522,week
5523,weeks
5524,weeny
5525,weep
5526,weepy
5527,weigh
5528,weir
5529,weird
5530,welch
5531,weld
5532,well
5533,wells
5534,welsh
5535,welt
5536,welts
5537,wench
5538,went
5539,wept
5540,were
5541,west
5542,wet
5543,wets
5544,wha
5545,whack
5546,whale
5547,wham
5548,wharf
5549,what
5550,whats
5551,wheat
5552,whee
5553,wheel
5554,when
5555,where
5556,whet
5557,whew
5558,whey
5559,which
5560,whiff
5561,while
5562,whim
5563,whims
5564,whine
5565,whiny
5566,whip
5567,whirl
5568,whisk
5569,whit
5570,white
5571,whiz
5572,who
5573,whoa
5574,whole
5575,whom
5576,whoop
5577,whore
5578,whose
5579,why
5580,whys
5581,wick
5582,wide
5583,widen
5584,wider
5585,widow
5586,width
5587,wield
5588,wife
5589,wig
5590,wiggy
5591,wigs
5592,wild
5593,will
5594,wills
5595,willy
5596,wilt
5597,wily
5598,wimp
5599,wimps
5600,wimpy
5601,win
5602,winch
5603,wind
5604,winds
5605,windy
5606,wine
5607,wing
5608,wings
5609,wink
5610,winks
5611,winos
5612,wins
5613,wipe
5614,wiped
5615,wiper
5616,wipes
5617,wire
5618,wired
5619,wires
5620,wise
5621,wised
5622,wiser
5623,wish
5624,wit
5625,witch
5626,with
5627,wits
5628,witty
5629,wives
5630,woe
5631,woes
5632,wok
5633,woke
5634,woken
5635,wolf
5636,woman
5637,womb
5638,women
5639,won
5640,wonky
5641,wont
5642,woo
5643,wood
5644,woods
5645,woody
5646,wooed
5647,woof
5648,wool
5649,woops
5650,woozy
5651,wop
5652,wops
5653,word
5654,words
5655,wore
5656,work
5657,works
5658,world
5659,worm
5660,worms
5661,worn
5662,worry
5663,worse
5664,worst
5665,worth
5666,would
5667,wound
5668,woven
5669,wow
5670,wowed
5671,wrap
5672,wraps
5673,wrath
5674,wreak
5675,wreck
5676,wring
5677,wrist
5678,writ
5679,write
5680,wrong
5681,wrote
5682,wrung
5683,wry
5684,wuss
5685,wussy
5686,wynn
5687,xerox
5688,yacht
5689,yah
5690,yahoo
5691,yak
5692,yam
5693,yams
5694,yang
5695,yank
5696,yanks
5697,yap
5698,yard
5699,yards
5700,yarn
5701,yaw
5702,yawn
5703,yay
5704,yea
5705,yeah
5706,year
5707,years
5708,yeast
5709,yech
5710,yeh
5711,yell
5712,yells
5713,yen
5714,yep
5715,yes
5716,yet
5717,yeti
5718,yield
5719,yikes
5720,yin
5721,yipe
5722,yodel
5723,yoga
5724,yogi
5725,yoke
5726,yokel
5727,yolk
5728,yom
5729,yon
5730,yore
5731,you
5732,young
5733,your
5734,yours
5735,youse
5736,youth
5737,yuan
5738,yuck
5739,yuk
5740,yum
5741,yummy
5742,yup
5743,zag
5744,zany
5745,zap
5746,zeal
5747,zebra
5748,zed
5749,zee
5750,zero
5751,zeros
5752,zest
5753,zesty
5754,zeta
5755,zig
5756,zing
5757,zip
5758,zippy
5759,zit
5760,zits
5761,zone
5762,zoned
5763,zones
5764,zoo
5765,zoom
